1	政策解读	1	http://www.cas.ac.cn/zcjd/
2	科研进展	1	http://www.cas.ac.cn/syky/
3	传媒扫描	1	http://www.cas.ac.cn/cm/
4	一线动态	1	http://www.cas.ac.cn/yx/
5	工作进展	1	http://www.cas.cn/sygz/
6	访谈·视点	1	http://www.cas.cn/zjs/
7	院内要闻	1	http://www.cas.ac.cn/yw/
8	今日要闻	2	http://orig.cssn.cn/sf/
9	军事技术	2	http://mil.cssn.cn/jsx/jszk_jsx/jsjs_jsx/
10	国际经济	2	http://intl.cssn.cn/gj/gj_gwshkx/gj_jj/
11	学术视角	2	http://news.cssn.cn/zx/xshshj/
12	社会万象	2	http://news.cssn.cn/zx/shwx/
13	热点回顾	2	http://news.cssn.cn/zx/djph/
14	军事理论	2	http://mil.cssn.cn/jsx/jszk_jsx/jsll_jsx/
15	前沿发现	3	http://www.zgkjxww.com/qyfx/
16	科技新闻	3	http://www.zgkjxww.com/kjxw/
17	时政要闻	3	http://www.zgkjxww.com/szyw/
18	军民融合	3	http://www.zgkjxww.com/jsgf/
19	高新企业	3	http://www.zgkjxww.com/gxqy/
20	任务访谈	3	http://www.zgkjxww.com/rwft/
21	电子通讯	3	http://www.zgkjxww.com/dztx/
22	图片新闻	4	http://www.most.gov.cn/dfkj/dfkjyw/dftpxw/
23	最新动态	4	http://www.most.gov.cn/dfkj/dfkjyw/dfzxdt/
24	贯彻落实	4	http://www.most.gov.cn/dfkj/dfbsld/dfgcls/
25	部省会商	4	http://www.most.gov.cn/dfkj/dfbsld/dfsbhs/
26	业务指导	4	http://www.most.gov.cn/dfkj/dfbsld/dfywzd/
27	工作交流	4	http://www.most.gov.cn/dfkj/dfgzjl/
28	科技北京	4	http://www.most.gov.cn/dfkj/bj/
29	工程院要闻	5	http://www.cae.cn/cae/html/main/col1/column_1_1.html
30	工程院图片新闻	5	http://www.cae.cn/cae/html/main/col3/column_3_1.html
31	工程院通知公告	5	http://www.cae.cn/cae/html/main/col4/column_4_1.html
32	工程院学术活动	5	http://www.cae.cn/cae/html/main/col99/column_99_1.html
33	工程院研究动态	5	http://www.cae.cn/cae/html/main/col84/column_84_1.html
34	工程院咨询建议	5	http://www.cae.cn/cae/html/main/col95/column_95_1.html
35	工程院研究报告	5	http://www.cae.cn/cae/html/main/col96/column_96_1.html
